aa_pos	baseAA	dimer
E48	E62	yes
S50	S64	yes
T51	T65	yes
G52	G66	yes
T53	T67	yes
N54	N68	yes
V55	V69	yes
V57	V71	yes
S58	S72	yes
T59	T73	yes
D61	D75	yes
F63	F77	yes
T64	T78	yes
E97	E111	yes
L98	L112	yes
D100	D114	yes
P101	P115	yes
N102	N116	yes
L103	L117	yes
T104	T118	yes
N109	N123	yes
S111	S125	yes
H112	H126	yes
W114	W128	yes
S115	S129	yes
L116	L130	yes
G119	G133	yes
N120	N134	yes
Q122	Q136	yes
G123	G137	yes
M124	M138	yes
G125	G139	yes
Q128	Q142	yes
K175	K189	yes
P176	P190	yes
K177	K191	yes
L178	L192	yes
G179	G193	yes
L180	L194	yes
R181	R195	yes
E203	E217	yes
P204	P218	yes
N207	N221	yes
Q208	Q222	yes
P209	P223	yes
F210	F224	yes
E214	E228	yes
T242	T256	yes
D244	D258	yes
Y245	Y259	yes
Y246	Y260	yes
K247	K261	yes
E248	E262	yes
H251	H265	yes
R252	R266	yes
V277	V291	yes
T278	T292	yes
P280	P294	yes
A281	A295	yes
T284	T298	yes
T285	T299	yes
R288	R302	yes
E289	E303	yes
A300	A314	yes
G301	G315	yes
G303	G317	yes
A304	A318	yes
V305	V319	yes
Y308	Y322	yes
K309	K323	yes
S310	S324	yes
P311	P325	yes
M312	M326	yes
K340	K354	yes
M341	M355	yes
E342	E356	yes
G381	G395	yes
G405	G419	yes
F408	F422	yes
G409	G423	yes
F451	F465	yes
